Gene,Mutation,Class,Population,Category
amn/yeeN,intergenic,Intergenic_snp,F607-1,Cold_Shock
cspA,frame,Large_deletion,F607-4,Cold_Shock
deaD,frame,Small_indel,R607-3,Cold_Shock
fabF,frame,Large_deletion,S607-2,Cold_Shock
gyrB,R732H,Non_Synonymous,R606-3,Cold_Shock
nusA,T72A,Non_Synonymous,S607-1,Cold_Shock
lon,intergenic,Intergenic_snp,R607-3,Heat_Shock
lon,intergenic,Intergenic_snp,R607-4,Heat_Shock
lon,intergenic,Intergenic_snp,R606-2,Heat_Shock
lon,intergenic,Intergenic_snp,R606-4,Heat_Shock
lon,intergenic,Intergenic_snp,R607-1,Heat_Shock
lon,intergenic,Large_deletion,R606-1,Heat_Shock
lon,frame,Large_amplification,R606-3,Heat_Shock
lon,intergenic,Intergenic_snp,F606-1,Heat_Shock
lon,intergenic,Large_deletion,F606-2,Heat_Shock
lon,frame,Large_amplification,F606-3,Heat_Shock
lon,intergenic,Intergenic_snp,S607-3,Heat_Shock
lon,intergenic,Intergenic_snp,S606-1,Heat_Shock
lon,intergenic,Large_deletion,S606-4,Heat_Shock
lon,intergenic,Small_indel,S606-3,Heat_Shock
yjeH/groES,intergenic,Small_indel,F606-2,Heat_and_Cold_Shock
yjeH/groES,frame,Large_amplification,F606-4,Heat_and_Cold_Shock
yjeH/groES,frame,Large_amplification,F607-1,Heat_and_Cold_Shock
yjeH/groES,frame,Large_amplification,S607-1,Heat_and_Cold_Shock
yjeH/groES,frame,Large_amplification,S607-2,Heat_and_Cold_Shock
dacA,K76T,Non_Synonymous,R607-1,Membrane_and_Cell_Wall
impF/asns,intergenic,Small_indel,S607-3,Membrane_and_Cell_Wall
mrdA,Y397S,Non_Synonymous,R607-4,Membrane_and_Cell_Wall
mrdA,V175I,Non_Synonymous,R606-2,Membrane_and_Cell_Wall
mrdA,N428D,Non_Synonymous,F606-3,Membrane_and_Cell_Wall
mreB,G117S,Non_Synonymous,S606-4,Membrane_and_Cell_Wall
mreC,frame,Small_indel,R606-1,Membrane_and_Cell_Wall
mreC,frame,Small_indel,S606-2,Membrane_and_Cell_Wall
mreD,P28L,Non_Synonymous,R606-4,Membrane_and_Cell_Wall
nmpC,pseudogene,Small_indel,S607-4,Membrane_and_Cell_Wall
yfgA,frame,Small_indel,F607-1,Membrane_and_Cell_Wall
yhjN,frame,Small_indel,F607-2,Membrane_and_Cell_Wall
yhjN,frame,Small_indel,F607-3,Membrane_and_Cell_Wall
edd/zwf,intergenic,Intergenic_snp,R606-3,Metabolic
hemF,frame,Small_indel,F606-2,Metabolic
hemF,frame,Small_indel,S607-2,Metabolic
hemF,W124R,Non_Synonymous,S606-2,Metabolic
kup/insJ-5,intergenic,Small_indel,F606-1,Metabolic
nadR,frame,Small_indel,R607-1,Metabolic
nadR,frame,Small_indel,R607-2,Metabolic
nadR,frame,Small_indel,R607-4,Metabolic
nadR,frame,Small_indel,F607-2,Metabolic
nadR,frame,Small_indel,F607-3,Metabolic
nadR,frame,Small_indel,S607-1,Metabolic
nadR,frame,Small_indel,S607-3,Metabolic
napA,frame,Small_indel,R606-3,Metabolic
potA/pepT,intergenic,Intergenic_snp,S606-2,Metabolic
prpE/codB,intergenic,Small_indel,S607-3,Metabolic
pstA,W264*,Stop,R606-2,Metabolic
ribC,F157L,Non_Synonymous,S607-2,Metabolic
thiC/rsd,intergenic,Intergenic_snp,R606-3,Metabolic
thiL,L34F,Non_Synonymous,S606-3,Metabolic
trkH,T20P,Non_Synonymous,S606-2,Metabolic
trkH,S349A,Non_Synonymous,S606-1,Metabolic
ygcQ,T161T,Synonymous,F606-3,Metabolic
yieL,W29R,Non_Synonymous,F607-3,Metabolic
yjiY/hpaC,intergenic,Intergenic_snp,R607-3,Metabolic
ECB_01992,frame,Small_indel,F606-2,Other
ECB_02621,frame,Large_deletion,S606-1,Other
elaD,frame,Small_indel,F606-4,Other
elaD,frame,Large_deletion,S606-3,Other
elaD,frame,Small_indel,S607-1,Other
ogrK,frame,Large_deletion,R606-2,Other
proQ,frame,Small_indel,R606-3,Other
proQ,frame,Small_indel,R607-2,Other
yegE,frame,Small_indel,S607-4,Other
polA/yihA,intergenic,Small_indel,R606-1,Regulatory
rho,I15N,Non_Synonymous,R607-2,Regulatory
rho,I15N,Non_Synonymous,R607-3,Regulatory
rho,I15N,Non_Synonymous,R607-4,Regulatory
rho,H295Y,Non_Synonymous,R607-1,Regulatory
rho,I15N,Non_Synonymous,F607-2,Regulatory
rho,I15N,Non_Synonymous,F607-4,Regulatory
rho,I15S,Non_Synonymous,F607-3,Regulatory
rho,I15N,Non_Synonymous,S607-3,Regulatory
rho,I15N,Non_Synonymous,S607-4,Regulatory
rpsE,G91S,Non_Synonymous,F607-3,Regulatory
rpsE,C112S,Non_Synonymous,F607-2,Regulatory
rpsE,G91C,Non_Synonymous,S607-4,Regulatory
rpsE,G91A,Non_Synonymous,S606-4,Regulatory
ycjW,frame,Small_indel,F606-1,Regulatory
yhnH,frame,Small_indel,F606-1,Regulatory
