Identifier,Gene,Mutation,Class,AF,Population,Category
16,araB,frame,Small_indel,8.2,S607-3,Metabolic
142,cspA,frame,Large_deletion,82.8,F607-4,Cold_Shock
34,cspE/ccrB,intergenic,Intergenic_snp,10.5,S606-2,Cold_Shock
108,dacA,K76T,Non_Synonymous,100,R607-1,Membrane_and_Cell_Wall
119,deaD,frame,Large_deletion,60.2,R606-1,Cold_Shock
104,deaD,D321A,Non_Synonymous,53.3,R607-2,Cold_Shock
105,deaD,L40Q,Non_Synonymous,7.4,R607-2,Cold_Shock
106,deaD,frame,Small_indel,39.5,R607-3,Cold_Shock
88,dsdA,I265T,Non_Synonymous,6.1,F606-1,Metabolic
50,ECB_00664/yhhl,intergenic,Intergenic_snp,7.1,S606-4,Other
139,ECB_01992,frame,Large_deletion,18.5,R606-2,Other
21,ECB_01992,frame,Small_indel,100,S607-2,Other
49,ECB_02621,frame,Large_deletion,87.8,S606-1,Other
127,edd/zwf,intergenic,Intergenic_snp,100,R606-3,Metabolic
80,elaD,frame,Small_indel,100,F606-4,Regulatory
143,elaD,frame,Large_deletion,14.5,S606-3,Regulatory
66,fabF,I115N,Non_Synonymous,56.5,F607-1,Cold_Shock
144,fabF,frame,Large_deletion,32.5,S607-2,Cold_Shock
117,fadH,L216L,Synonymous,6.1,R606-3,Metabolic
133,gyrB,R732H,Non_Synonymous,100,R606-3,Cold_Shock
45,gyrB,R732H,Non_Synonymous,7,S606-1,Cold_Shock
46,gyrB,R732H,Non_Synonymous,31,S606-2,Cold_Shock
87,hemF,frame,Small_indel,51.3,F606-2,Metabolic
35,hemF,W124R,Non_Synonymous,21.8,S606-2,Metabolic
36,hemF,frame,Small_indel,21.7,S606-3,Metabolic
111,icdA,D158D,Synonymous,5.8,R607-2,Metabolic
135,insC/ECB_01906,intergenic,Small_indel,8.3,R606-1,Other
83,lon,intergenic,Intergenic_snp,8.3,F606-1,Heat_Shock
84,lon,intergenic,Intergenic_snp,71.3,F606-1,Heat_Shock
85,lon,intergenic,Large_deletion,94,F606-2,Heat_Shock
82,lon,D445E,Non_Synonymous,6.7,F606-3,Heat_Shock
140,lon,frame,Large_amplification,49.7,F606-3,Heat_Shock
86,lon,intergenic,Large_deletion,94,F606-4,Heat_Shock
65,lon,intergenic,Intergenic_snp,14,F607-2,Heat_Shock
115,lon,intergenic,Large_deletion,72.4,R606-1,Heat_Shock
116,lon,intergenic,Intergenic_snp,100,R606-2,Heat_Shock
138,lon,frame,Large_amplification,48.9,R606-3,Heat_Shock
118,lon,intergenic,Intergenic_snp,100,R606-4,Heat_Shock
101,lon,intergenic,Intergenic_snp,100,R607-1,Heat_Shock
100,lon,E4E,Synonymous,13,R607-2,Heat_Shock
102,lon,intergenic,Intergenic_snp,100,R607-3,Heat_Shock
103,lon,intergenic,Intergenic_snp,100,R607-4,Heat_Shock
31,lon,intergenic,Intergenic_snp,89.1,S606-1,Heat_Shock
32,lon,intergenic,Small_indel,17.2,S606-2,Heat_Shock
30,lon,intergenic,Small_indel,25.8,S606-3,Heat_Shock
33,lon,intergenic,Large_deletion,97.5,S606-4,Heat_Shock
12,lon,intergenic,Intergenic_snp,23.8,S607-3,Heat_Shock
89,metA,I124L,Non_Synonymous,13.7,F606-1,Metabolic
90,mrdA,D354A,Non_Synonymous,61.5,F606-3,Membrane_and_Cell_Wall
91,mrdA,N428D,Non_Synonymous,14.3,F606-3,Membrane_and_Cell_Wall
125,mrdA,D312A,Non_Synonymous,52.3,R606-1,Membrane_and_Cell_Wall
120,mrdA,V175I,Non_Synonymous,18.6,R606-2,Membrane_and_Cell_Wall
121,mrdA,D354A,Non_Synonymous,6.1,R606-2,Membrane_and_Cell_Wall
107,mrdA,Y397S,Non_Synonymous,100,R607-4,Membrane_and_Cell_Wall
19,mrdA,D354A,Non_Synonymous,43.5,S607-4,Membrane_and_Cell_Wall
92,mrdB,R208S,Non_Synonymous,57.6,F606-1,Membrane_and_Cell_Wall
126,mrdB,S37N,Non_Synonymous,65.2,R606-2,Membrane_and_Cell_Wall
43,mreB,G117S,Non_Synonymous,70,S606-4,Membrane_and_Cell_Wall
130,mreC,frame,Small_indel,33.3,R606-1,Membrane_and_Cell_Wall
123,mreC,S141C,Non_Synonymous,9.5,R606-4,Membrane_and_Cell_Wall
124,mreC,R113S,Non_Synonymous,7.5,R606-4,Membrane_and_Cell_Wall
109,mreC,L84Q,Non_Synonymous,8.8,R607-3,Membrane_and_Cell_Wall
44,mreC,H179R,Non_Synonymous,8.7,S606-4,Membrane_and_Cell_Wall
93,mreD,V161A,Non_Synonymous,5.8,F606-3,Membrane_and_Cell_Wall
67,mreD,F34S,Non_Synonymous,32,F607-1,Membrane_and_Cell_Wall
128,mreD,P28L,Non_Synonymous,35,R606-4,Membrane_and_Cell_Wall
129,mreD,P36L,Non_Synonymous,17,R606-4,Membrane_and_Cell_Wall
71,nadR,frame,Small_indel,80.5,F607-2,Metabolic
73,nadR,frame,Small_indel,21.5,F607-3,Metabolic
72,nadR,frame,Small_indel,80.5,F607-4,Metabolic
112,nadR,frame,Small_indel,100,R607-1,Metabolic
113,nadR,frame,Small_indel,100,R607-4,Metabolic
17,nadR,frame,Small_indel,100,S607-1,Metabolic
18,nadR,frame,Small_indel,100,S607-3,Metabolic
122,napA,frame,Small_indel,100,R606-3,Metabolic
20,nmpC,pseudogene,Small_indel,47.1,S607-4,Transporter
52,nusA,D466N,Non_Synonymous,27.8,F607-3,Cold_Shock
7,nusA,T72N,Non_Synonymous,46.6,S607-1,Cold_Shock
8,nusA,T72A,Non_Synonymous,8,S607-1,Cold_Shock
9,nusA,W62R,Non_Synonymous,30,S607-1,Cold_Shock
137,proQ,frame,Small_indel,100,R606-3,Cold_Shock
13,proQ,frame,Small_indel,12.2,S607-4,Cold_Shock
132,pstA,W264*,Stop,12.3,R606-2,Transporter
39,rfB,frame,Small_indel,6,S606-1,Metabolic
53,rho,I15N,Non_Synonymous,100,F607-1,Regulatory
54,rho,I15N,Non_Synonymous,77.4,F607-2,Regulatory
58,rho,V11A,Non_Synonymous,15.5,F607-2,Regulatory
55,rho,I15N,Non_Synonymous,20.6,F607-3,Regulatory
57,rho,I15S,Non_Synonymous,30.9,F607-3,Regulatory
59,rho,V11A,Non_Synonymous,42.2,F607-3,Regulatory
56,rho,I15N,Non_Synonymous,100,F607-4,Regulatory
95,rho,R221C,Non_Synonymous,55.4,R607-1,Regulatory
96,rho,H298Y,Non_Synonymous,34.6,R607-1,Regulatory
97,rho,I15N,Non_Synonymous,100,R607-2,Regulatory
98,rho,I15N,Non_Synonymous,100,R607-3,Regulatory
99,rho,I15N,Non_Synonymous,100,R607-4,Regulatory
1,rho,I15N,Non_Synonymous,94.8,S607-3,Regulatory
2,rho,I15N,Non_Synonymous,59.1,S607-4,Regulatory
3,rho,V11A,Non_Synonymous,39.4,S607-4,Regulatory
94,rpmH,frame,Small_indel,6,F606-1,Other
4,rpoB,G907S,Non_Synonymous,58.2,S607-4,Regulatory
60,rpsA,D160V,Non_Synonymous,38.9,F607-3,Regulatory
61,rpsE,C112S,Non_Synonymous,59.2,F607-2,Regulatory
62,rpsE,C112S,Non_Synonymous,21.8,F607-3,Regulatory
63,rpsE,G91S,Non_Synonymous,12.4,F607-3,Regulatory
24,rpsE,G91S,Non_Synonymous,35.1,S606-3,Regulatory
25,rpsE,G91A,Non_Synonymous,93.6,S606-4,Regulatory
5,rpsE,G91C,Non_Synonymous,65,S607-3,Regulatory
6,rpsE,G91C,Non_Synonymous,44.3,S607-4,Regulatory
131,sapA,Y187N,Non_Synonymous,59.1,R606-2,Transporter
38,spoT,N208Y,Non_Synonymous,21.5,S606-2,Metabolic
14,spoT,R701L,Non_Synonymous,52.1,S607-3,Metabolic
15,spoT,R487H,Non_Synonymous,9,S607-4,Metabolic
10,stpA,frame,Small_indel,8.9,S607-3,Regulatory
74,thiC/rsd,intergenic,Intergenic_snp,50,F607-1,Other
136,thiC/rsd,intergenic,Intergenic_snp,100,R606-3,Other
47,thiC/rsd,intergenic,Intergenic_snp,17.9,S606-1,Other
48,thiC/rsd,intergenic,Intergenic_snp,18.3,S606-2,Other
22,thiC/rsd,intergenic,Intergenic_snp,56.5,S607-1,Other
41,trkH,S349A,Non_Synonymous,89.1,S606-1,Transporter
40,trkH,T20P,Non_Synonymous,21.5,S606-2,Transporter
134,waaL,G101R,Non_Synonymous,23.5,R606-4,Metabolic
51,waaW,V268I,Non_Synonymous,5.5,S606-4,Other
23,waaW,frame,Small_indel,10.1,S607-1,Other
42,ybaE,A257V,Non_Synonymous,7.6,S606-4,Transporter
79,ycjW,frame,Small_indel,12.5,F606-1,Regulatory
26,ycjW,frame,Small_indel,62.7,S606-2,Regulatory
27,ycjW,frame,Small_indel,38.6,S606-3,Regulatory
114,yeaP/yeaQ,intergenic,Intergenic_snp,5.5,R607-4,Other
64,yegE,T778P,Non_Synonymous,22.1,F607-3,Regulatory
11,yegE,frame,Small_indel,48.7,S607-4,Regulatory
28,yhbH,frame,Small_indel,37.2,S606-2,Regulatory
29,yhbH,frame,Small_indel,46.2,S606-3,Regulatory
37,yhcC/gltB,intergenic,Small_indel,48.9,S606-2,Metabolic
75,yhjH/kdgK,intergenic,Intergenic_snp,50.1,F607-1,Other
68,yhjN,frame,Small_indel,60.5,F607-2,Membrane_and_Cell_Wall
69,yhjN,frame,Small_indel,7.3,F607-3,Membrane_and_Cell_Wall
70,yhjO,frame,Small_indel,7.3,F607-2,Membrane_and_Cell_Wall
78,yibD,I192I,Synonymous,11.3,F607-4,Other
77,yieL,W29R,Non_Synonymous,10.4,F607-3,Metabolic
81,yjeH/groES,intergenic,Small_indel,100,F606-2,Heat_and_Cold_Shock
141,yjeH/groES,frame,Large_amplification,62.7,F606-4,Heat_and_Cold_Shock
145,yjeH/groES,frame,Large_amplification,58,S607-1,Heat_and_Cold_Shock
146,yjeH/groES,frame,Large_amplification,71.6,S607-2,Heat_and_Cold_Shock
110,yjiY/hpaC,intergenic,Intergenic_snp,94.2,R607-3,Membrane_and_Cell_Wall
76,yqaB,A70A,Synonymous,10.1,F607-2,Other
